survived,pclass,sex,age,sibsp,parch,fare,embarked,class,who,adult_male,deck,embark_town,alive,alone
1,1,female,,0,0,52.9077,C,First,woman,False,,Cherbourg,yes,True
1,3,female,41.0,0,0,34.1518,S,Third,woman,False,,Southampton,yes,True
0,3,female,20.0,0,0,32.868,C,Third,woman,False,,Cherbourg,no,True
1,2,male,41.0,0,0,28.1134,S,Second,man,True,,Southampton,yes,True
0,2,male,34.0,0,0,33.6531,C,Second,man,True,,Cherbourg,no,True
1,3,male,8.0,0,0,6.3493,S,Third,child,False,,Southampton,yes,True
1,3,female,33.0,0,0,0.0,S,Third,woman,False,,Southampton,yes,True
1,1,female,36.0,1,0,89.8349,C,First,woman,False,B,Cherbourg,yes,False
0,3,female,19.0,1,1,18.4903,S,Third,woman,False,,Southampton,no,False
1,2,female,10.0,0,0,49.4315,S,Second,child,False,,Southampton,yes,True
0,3,male,,0,0,9.7034,C,Third,man,True,E,Cherbourg,no,True
0,3,female,14.0,3,0,6.2183,C,Third,child,False,,Cherbourg,no,False
1,3,female,1.0,0,0,9.5643,C,Third,child,False,,Cherbourg,yes,True
0,3,male,1.0,1,0,11.938,S,Third,child,False,G,Southampton,no,False
0,3,male,,0,1,7.5568,S,Third,man,True,,Southampton,no,False
0,3,male,44.0,2,0,13.5543,S,Third,man,True,,Southampton,no,False
1,2,female,28.0,0,0,22.0238,S,Second,woman,False,,Southampton,yes,True
0,2,female,30.0,0,2,13.714,Q,Second,woman,False,,Queenstown,no,False
1,2,male,38.0,0,0,42.4284,S,Second,man,True,,Southampton,yes,True
1,1,female,38.0,1,0,33.6361,S,First,woman,False,C,Southampton,yes,False
0,3,male,,0,2,16.8546,S,Third,man,True,G,Southampton,no,False
1,2,female,,0,0,21.0264,Q,Second,woman,False,,Queenstown,yes,True
0,3,male,14.0,0,0,7.6204,S,Third,child,False,,Southampton,no,True
1,1,female,44.0,1,2,93.8659,C,First,woman,False,E,Cherbourg,yes,False
1,2,male,34.0,0,0,3.4314,S,Second,man,True,,Southampton,yes,True
0,2,male,8.0,0,0,20.6214,S,Second,child,False,,Southampton,no,True
0,1,male,,1,0,90.7468,S,First,man,True,C,Southampton,no,False
1,3,female,38.0,4,0,9.2736,S,Third,woman,False,,Southampton,yes,False
1,2,female,51.0,1,0,15.5649,S,Second,woman,False,F,Southampton,yes,False
0,2,male,24.0,0,0,8.0897,S,Second,man,True,E,Southampton,no,True
0,1,female,21.0,0,0,26.6514,S,First,woman,False,C,Southampton,no,True
0,3,male,70.0,1,3,4.2766,S,Third,man,True,,Southampton,no,False
0,3,male,13.0,1,2,8.1784,C,Third,child,False,,Cherbourg,no,False
0,3,male,16.0,1,0,2.9653,C,Third,man,True,,Cherbourg,no,False
0,2,male,38.0,0,0,9.1269,S,Second,man,True,,Southampton,no,True
0,3,male,21.0,5,0,18.4309,Q,Third,man,True,,Queenstown,no,False
0,3,female,33.0,0,0,7.3599,Q,Third,woman,False,,Queenstown,no,True
0,2,male,,0,0,6.0484,S,Second,man,True,,Southampton,no,True
0,3,female,3.0,2,0,23.8838,Q,Third,child,False,,Queenstown,no,False
0,2,male,22.0,1,0,9.8212,S,Second,man,True,,Southampton,no,False
0,3,male,36.0,0,2,4.732,Q,Third,man,True,,Queenstown,no,False
1,2,male,6.0,0,0,7.8316,S,Second,child,False,,Southampton,yes,True
0,2,male,47.0,0,0,33.208,S,Second,man,True,,Southampton,no,True
0,3,male,23.0,0,0,9.7942,,Third,man,True,,,no,True
1,1,female,39.0,0,1,58.1191,C,First,woman,False,C,Cherbourg,yes,False
0,3,female,14.0,0,0,14.6261,S,Third,child,False,,Southampton,no,True
0,3,male,5.0,0,0,9.1209,Q,Third,child,False,,Queenstown,no,True
0,1,male,19.0,1,1,71.8485,S,First,man,True,,Southampton,no,False
0,3,female,16.0,0,0,5.2266,S,Third,woman,False,,Southampton,no,True
0,3,male,54.0,0,2,12.3858,C,Third,man,True,,Cherbourg,no,False
0,3,male,9.0,0,2,4.7663,S,Third,child,False,,Southampton,no,False
1,2,female,18.0,1,0,16.5102,S,Second,woman,False,,Southampton,yes,False
0,2,male,49.0,0,0,4.8213,S,Second,man,True,,Southampton,no,True
0,3,male,18.0,1,0,11.2641,Q,Third,man,True,,Queenstown,no,False
0,3,male,35.0,0,2,21.1752,S,Third,man,True,F,Southampton,no,False
0,3,male,1.0,0,0,12.9921,S,Third,child,False,,Southampton,no,True
0,3,female,13.0,0,0,9.3349,S,Third,child,False,,Southampton,no,True
1,2,female,37.0,1,2,15.1324,S,Second,woman,False,,Southampton,yes,False
0,1,male,12.0,0,2,51.4301,C,First,child,False,E,Cherbourg,no,False
0,3,male,,0,0,1.7911,S,Third,man,True,,Southampton,no,True
0,3,male,27.0,0,0,18.3737,S,Third,man,True,,Southampton,no,True
1,2,male,22.0,1,0,22.1938,S,Second,man,True,,Southampton,yes,False
0,3,male,23.0,0,2,4.9487,S,Third,man,True,,Southampton,no,False
1,1,male,46.0,2,0,59.2915,S,First,man,True,,Southampton,yes,False
1,3,female,26.0,0,1,22.4086,C,Third,woman,False,,Cherbourg,yes,False
0,3,male,,1,1,4.0642,S,Third,man,True,,Southampton,no,False
1,1,female,47.0,0,0,63.1835,S,First,woman,False,B,Southampton,yes,True
0,2,male,51.0,1,0,23.7698,S,Second,man,True,,Southampton,no,False
0,3,male,21.0,0,0,5.6999,S,Third,man,True,,Southampton,no,True
1,2,male,32.0,0,1,23.191,C,Second,man,True,,Cherbourg,yes,False
1,3,female,12.0,0,3,5.1583,S,Third,child,False,,Southampton,yes,False
0,2,male,39.0,0,0,35.4223,S,Second,man,True,,Southampton,no,True
0,3,male,17.0,1,1,7.3502,S,Third,man,True,,Southampton,no,False
0,3,male,6.0,0,0,5.3321,Q,Third,child,False,,Queenstown,no,True
0,3,male,23.0,3,2,11.9968,S,Third,man,True,,Southampton,no,False
0,3,male,25.0,0,0,2.7618,S,Third,man,True,,Southampton,no,True
0,1,male,39.0,0,0,54.8384,C,First,man,True,D,Cherbourg,no,True
1,3,female,17.0,1,0,8.4995,C,Third,woman,False,,Cherbourg,yes,False
1,1,male,27.0,0,1,252.3713,S,First,man,True,,Southampton,yes,False
0,2,male,,0,0,23.9097,S,Second,man,True,F,Southampton,no,True
0,2,male,22.0,0,0,34.239,S,Second,man,True,,Southampton,no,True
1,3,female,36.0,1,0,5.6986,C,Third,woman,False,,Cherbourg,yes,False
0,3,female,21.0,0,1,4.3613,S,Third,woman,False,,Southampton,no,False
1,1,female,28.0,0,0,21.6519,C,First,woman,False,C,Cherbourg,yes,True
1,1,male,47.0,1,0,101.2173,S,First,man,True,D,Southampton,yes,False
0,3,male,,4,0,4.8914,S,Third,man,True,,Southampton,no,False
0,3,male,25.0,0,0,3.8653,S,Third,man,True,,Southampton,no,True
0,3,male,61.0,0,0,20.1506,C,Third,man,True,,Cherbourg,no,True
1,3,female,12.0,1,1,18.8736,S,Third,child,False,,Southampton,yes,False
1,3,male,49.0,0,0,7.0855,C,Third,man,True,,Cherbourg,yes,True
0,3,male,30.0,1,0,7.4675,S,Third,man,True,,Southampton,no,False
0,1,male,50.0,0,0,55.9225,S,First,man,True,D,Southampton,no,True
0,3,male,23.0,0,1,5.4864,S,Third,man,True,,Southampton,no,False
1,3,female,,1,1,4.9588,S,Third,woman,False,,Southampton,yes,False
1,3,female,13.0,1,0,10.8209,S,Third,child,False,,Southampton,yes,False
1,3,female,38.0,0,2,9.613,Q,Third,woman,False,,Queenstown,yes,False
1,3,female,30.0,0,0,5.2083,S,Third,woman,False,,Southampton,yes,True
0,3,female,39.0,0,0,18.9532,S,Third,woman,False,,Southampton,no,True
0,1,female,29.0,0,0,261.0525,S,First,woman,False,C,Southampton,no,True
1,3,female,33.0,0,0,4.9386,S,Third,woman,False,,Southampton,yes,True
0,3,male,16.0,1,0,7.948,S,Third,man,True,,Southampton,no,False
1,1,female,31.0,0,0,13.3594,S,First,woman,False,C,Southampton,yes,True
0,3,male,,1,0,19.9099,Q,Third,man,True,,Queenstown,no,False
0,2,male,21.0,0,0,5.8241,S,Second,man,True,,Southampton,no,True
0,3,male,,0,1,9.4796,S,Third,man,True,,Southampton,no,False
0,1,female,19.0,0,1,93.4632,S,First,woman,False,C,Southampton,no,False
0,3,male,25.0,2,0,16.6456,C,Third,man,True,,Cherbourg,no,False
1,3,female,47.0,0,0,4.1165,S,Third,woman,False,,Southampton,yes,True
0,3,male,67.0,0,0,5.5431,C,Third,man,True,,Cherbourg,no,True
1,2,female,,0,0,12.5948,S,Second,woman,False,,Southampton,yes,True
0,3,male,16.0,0,0,3.012,S,Third,man,True,,Southampton,no,True
0,2,male,35.0,0,0,9.4058,C,Second,man,True,,Cherbourg,no,True
0,3,female,,2,0,14.0495,S,Third,woman,False,,Southampton,no,False
0,1,male,,1,1,122.753,S,First,man,True,B,Southampton,no,False
1,2,male,0.0,1,0,6.167,S,Second,child,False,,Southampton,yes,False
1,1,male,39.0,0,0,31.9044,C,First,man,True,E,Cherbourg,yes,True
1,1,male,55.0,0,1,35.552,S,First,man,True,E,Southampton,yes,False
1,3,female,47.0,0,2,23.151,S,Third,woman,False,,Southampton,yes,False
1,1,male,36.0,1,0,39.0753,S,First,man,True,C,Southampton,yes,False
0,3,female,,0,0,10.1317,S,Third,woman,False,,Southampton,no,True
0,3,male,,0,0,20.6098,S,Third,man,True,,Southampton,no,True
1,3,male,7.0,0,2,15.0869,S,Third,child,False,,Southampton,yes,False
0,2,female,28.0,1,1,24.8359,C,Second,woman,False,,Cherbourg,no,False
1,2,female,44.0,0,0,35.7369,S,Second,woman,False,,Southampton,yes,True
1,2,male,32.0,0,2,4.5295,S,Second,man,True,,Southampton,yes,False
1,1,female,28.0,0,0,76.9437,S,First,woman,False,A,Southampton,yes,True
0,3,male,28.0,0,0,10.8562,Q,Third,man,True,,Queenstown,no,True
0,3,male,32.0,0,2,6.0188,S,Third,man,True,,Southampton,no,False
0,3,male,29.0,0,1,19.2962,S,Third,man,True,F,Southampton,no,False
0,3,male,,3,0,22.3707,S,Third,man,True,,Southampton,no,False
0,3,male,32.0,1,0,6.2633,Q,Third,man,True,,Queenstown,no,False
1,3,female,4.0,0,0,3.3195,S,Third,child,False,,Southampton,yes,True
0,3,male,,1,0,1.3389,S,Third,man,True,,Southampton,no,False
0,3,female,25.0,0,0,38.9616,S,Third,woman,False,,Southampton,no,True
0,1,male,41.0,0,0,41.0128,C,First,man,True,B,Cherbourg,no,True
1,3,female,35.0,1,0,11.6791,Q,Third,woman,False,,Queenstown,yes,False
1,3,male,3.0,1,2,9.7937,C,Third,child,False,,Cherbourg,yes,False
1,3,female,43.0,0,0,28.0533,S,Third,woman,False,,Southampton,yes,True
0,2,male,54.0,0,0,5.6283,Q,Second,man,True,,Queenstown,no,True
0,3,male,27.0,0,0,8.0746,Q,Third,man,True,,Queenstown,no,True
0,3,male,36.0,0,0,5.3139,S,Third,man,True,,Southampton,no,True
1,2,female,11.0,5,0,10.9942,C,Second,child,False,,Cherbourg,yes,False
1,1,female,45.0,0,0,28.2611,C,First,woman,False,C,Cherbourg,yes,True
0,2,male,18.0,0,0,7.3037,C,Second,man,True,,Cherbourg,no,True
0,3,male,29.0,0,0,10.9981,S,Third,man,True,,Southampton,no,True
0,1,male,44.0,0,0,68.1043,Q,First,man,True,C,Queenstown,no,True
0,1,male,25.0,3,0,26.3366,C,First,man,True,C,Cherbourg,no,False
0,2,male,14.0,1,0,13.537,S,Second,child,False,,Southampton,no,False
1,1,female,31.0,0,0,29.1514,C,First,woman,False,,Cherbourg,yes,True
0,2,male,22.0,4,0,25.4896,S,Second,man,True,,Southampton,no,False
0,3,male,22.0,0,0,16.6594,S,Third,man,True,,Southampton,no,True
0,2,male,15.0,0,2,34.1698,C,Second,child,False,,Cherbourg,no,False
0,3,male,42.0,0,3,7.8788,S,Third,man,True,,Southampton,no,False
0,1,male,32.0,0,0,40.6909,S,First,man,True,,Southampton,no,True
1,3,male,33.0,0,2,9.517,S,Third,man,True,,Southampton,yes,False
1,1,male,13.0,0,0,43.1008,C,First,child,False,C,Cherbourg,yes,True
1,3,female,19.0,0,0,9.6383,S,Third,woman,False,,Southampton,yes,True
1,2,female,52.0,0,0,10.7817,C,Second,woman,False,,Cherbourg,yes,True
0,1,male,8.0,0,0,27.045,Q,First,child,False,,Queenstown,no,True
0,3,male,31.0,1,0,11.5447,S,Third,man,True,,Southampton,no,False
1,3,female,,1,0,17.3866,S,Third,woman,False,,Southampton,yes,False
0,2,male,,0,2,24.837,S,Second,man,True,,Southampton,no,False
0,2,male,,1,2,6.7648,C,Second,man,True,,Cherbourg,no,False
0,3,male,14.0,1,1,24.4815,S,Third,child,False,,Southampton,no,False
1,2,female,,0,0,4.7113,S,Second,woman,False,,Southampton,yes,True
1,1,female,35.0,2,0,38.9956,S,First,woman,False,C,Southampton,yes,False
0,3,male,1.0,1,0,10.4409,S,Third,child,False,,Southampton,no,False
0,1,male,,0,0,64.6929,C,First,man,True,,Cherbourg,no,True
1,1,female,11.0,0,0,50.819,Q,First,child,False,C,Queenstown,yes,True
0,3,male,12.0,2,0,6.8772,S,Third,child,False,,Southampton,no,False
0,1,male,,1,0,47.6185,C,First,man,True,C,Cherbourg,no,False
1,2,female,,0,0,32.0369,S,Second,woman,False,,Southampton,yes,True
1,3,female,34.0,0,0,20.7481,C,Third,woman,False,,Cherbourg,yes,True
0,3,male,,0,0,10.5111,Q,Third,man,True,,Queenstown,no,True
0,3,male,2.0,0,0,4.7711,C,Third,child,False,,Cherbourg,no,True
0,1,male,9.0,1,4,97.5943,S,First,child,False,,Southampton,no,False
1,3,female,,0,1,26.6115,S,Third,woman,False,,Southampton,yes,False
1,1,male,17.0,1,0,104.3148,S,First,man,True,A,Southampton,yes,False
0,3,male,28.0,0,0,6.1244,S,Third,man,True,,Southampton,no,True
1,2,female,7.0,0,0,12.0977,S,Second,child,False,,Southampton,yes,True
1,3,female,1.0,0,0,25.3641,S,Third,child,False,,Southampton,yes,True
0,3,male,,0,0,12.0626,S,Third,man,True,,Southampton,no,True
0,3,male,33.0,5,0,4.7951,C,Third,man,True,,Cherbourg,no,False
1,3,male,15.0,0,0,23.7458,C,Third,child,False,,Cherbourg,yes,True
0,2,male,,1,3,11.0452,C,Second,man,True,,Cherbourg,no,False
1,3,female,31.0,1,1,32.5014,S,Third,woman,False,,Southampton,yes,False
0,3,male,53.0,1,0,54.719,C,Third,man,True,,Cherbourg,no,False
1,1,female,11.0,0,1,192.1879,S,First,child,False,E,Southampton,yes,False
1,3,female,37.0,1,0,17.4492,S,Third,woman,False,,Southampton,yes,False
0,2,male,34.0,0,0,16.8442,S,Second,man,True,,Southampton,no,True
0,1,male,10.0,1,0,24.3374,Q,First,child,False,,Queenstown,no,False
1,3,female,41.0,0,0,6.1726,C,Third,woman,False,,Cherbourg,yes,True
0,3,female,29.0,0,0,4.5638,S,Third,woman,False,,Southampton,no,True
0,3,female,25.0,0,0,6.7963,S,Third,woman,False,,Southampton,no,True
0,3,male,45.0,0,1,12.6477,S,Third,man,True,,Southampton,no,False
1,3,male,27.0,1,0,6.9337,S,Third,man,True,F,Southampton,yes,False
0,3,female,,0,0,18.376,S,Third,woman,False,,Southampton,no,True
1,1,male,72.0,2,0,36.8663,Q,First,man,True,B,Queenstown,yes,False
0,2,male,10.0,0,3,22.5555,Q,Second,child,False,F,Queenstown,no,False
0,2,male,11.0,0,0,36.1921,S,Second,child,False,,Southampton,no,True
1,3,female,,0,0,6.0346,C,Third,woman,False,,Cherbourg,yes,True
0,3,male,,0,0,8.9391,Q,Third,man,True,,Queenstown,no,True
1,1,female,19.0,0,0,31.9036,C,First,woman,False,,Cherbourg,yes,True
0,3,male,20.0,0,2,5.876,S,Third,man,True,,Southampton,no,False
0,3,female,,0,0,11.3712,S,Third,woman,False,,Southampton,no,True
0,3,male,24.0,0,0,11.3184,S,Third,man,True,,Southampton,no,True
1,1,female,26.0,0,0,113.0114,S,First,woman,False,C,Southampton,yes,True
1,1,male,48.0,0,0,37.4832,C,First,man,True,A,Cherbourg,yes,True
1,3,female,23.0,0,0,11.2714,S,Third,woman,False,,Southampton,yes,True
0,3,male,1.0,0,2,15.619,C,Third,child,False,,Cherbourg,no,False
1,1,female,,1,0,58.1281,,First,woman,False,B,,yes,False
0,3,male,51.0,0,1,11.7205,S,Third,man,True,,Southampton,no,False
0,2,male,,1,0,5.4738,S,Second,man,True,,Southampton,no,False
0,2,female,49.0,0,0,8.0835,S,Second,woman,False,,Southampton,no,True
0,1,male,29.0,0,0,141.4526,Q,First,man,True,E,Queenstown,no,True
0,2,male,16.0,1,0,4.6015,S,Second,man,True,F,Southampton,no,False
1,2,male,,1,0,4.2627,S,Second,man,True,,Southampton,yes,False
0,3,male,50.0,0,0,10.5562,S,Third,man,True,,Southampton,no,True
1,3,female,46.0,0,0,3.2782,S,Third,woman,False,,Southampton,yes,True
1,1,female,46.0,0,1,179.8348,S,First,woman,False,C,Southampton,yes,False
0,2,male,16.0,0,0,38.0093,C,Second,man,True,E,Cherbourg,no,True
1,3,female,38.0,0,0,5.7941,S,Third,woman,False,,Southampton,yes,True
0,3,male,12.0,1,0,10.4855,S,Third,child,False,,Southampton,no,False
0,3,male,36.0,0,2,5.0119,Q,Third,man,True,,Queenstown,no,False
0,2,male,22.0,1,2,3.8396,S,Second,man,True,,Southampton,no,False
0,2,male,22.0,0,1,18.7868,S,Second,man,True,,Southampton,no,False
0,3,male,20.0,4,0,3.2983,Q,Third,man,True,,Queenstown,no,False
1,3,male,1.0,1,0,14.7856,C,Third,child,False,,Cherbourg,yes,False
1,3,female,9.0,0,0,27.2102,S,Third,child,False,,Southampton,yes,True
0,3,female,25.0,0,0,12.1894,S,Third,woman,False,,Southampton,no,True
0,1,male,21.0,1,0,174.3175,C,First,man,True,,Cherbourg,no,False
0,1,male,,0,0,58.2501,S,First,man,True,B,Southampton,no,True
0,3,male,43.0,0,0,17.1582,S,Third,man,True,,Southampton,no,True
1,3,female,5.0,1,1,18.5234,S,Third,child,False,,Southampton,yes,False
1,3,female,6.0,0,0,7.2627,S,Third,child,False,,Southampton,yes,True
0,2,female,,1,0,23.3865,C,Second,woman,False,,Cherbourg,no,False
0,2,male,57.0,0,0,17.3038,S,Second,man,True,,Southampton,no,True
0,3,male,,2,0,3.2623,C,Third,man,True,,Cherbourg,no,False
1,2,female,,0,0,9.0313,S,Second,woman,False,,Southampton,yes,True
1,2,male,7.0,0,0,9.499,S,Second,child,False,,Southampton,yes,True
0,3,female,14.0,1,0,4.9093,S,Third,child,False,,Southampton,no,False
0,3,male,34.0,0,0,5.621,S,Third,man,True,,Southampton,no,True
0,3,male,23.0,2,0,22.6225,S,Third,man,True,,Southampton,no,False
0,3,female,34.0,0,3,6.0548,S,Third,woman,False,,Southampton,no,False
1,1,female,37.0,0,0,88.5657,S,First,woman,False,B,Southampton,yes,True
0,1,male,,1,1,207.1332,C,First,man,True,,Cherbourg,no,False
0,3,male,26.0,0,0,9.0674,C,Third,man,True,,Cherbourg,no,True
0,1,male,55.0,0,0,44.4364,Q,First,man,True,,Queenstown,no,True
1,1,female,35.0,0,0,79.3056,S,First,woman,False,C,Southampton,yes,True
1,1,female,48.0,0,0,17.9158,S,First,woman,False,,Southampton,yes,True
0,3,male,,0,0,5.4931,C,Third,man,True,,Cherbourg,no,True
0,1,male,37.0,1,0,69.1017,S,First,man,True,C,Southampton,no,False
1,1,female,21.0,1,0,13.4305,C,First,woman,False,C,Cherbourg,yes,False
0,3,male,,0,3,23.3973,S,Third,man,True,,Southampton,no,False
0,3,male,,4,1,14.3661,S,Third,man,True,,Southampton,no,False
0,3,male,,0,0,23.7431,S,Third,man,True,,Southampton,no,True
1,2,female,23.0,0,0,11.3912,S,Second,woman,False,,Southampton,yes,True
0,3,female,,0,0,9.282,S,Third,woman,False,,Southampton,no,True
0,3,male,15.0,0,0,18.7662,S,Third,child,False,,Southampton,no,True
0,3,male,7.0,0,2,35.648,S,Third,child,False,,Southampton,no,False
0,3,female,6.0,0,4,18.4341,S,Third,child,False,,Southampton,no,False
1,3,female,36.0,0,0,14.0182,S,Third,woman,False,,Southampton,yes,True
1,2,female,18.0,5,0,52.7684,Q,Second,woman,False,,Queenstown,yes,False
1,3,female,26.0,0,0,18.2828,S,Third,woman,False,,Southampton,yes,True
1,3,female,7.0,1,1,2.2996,C,Third,child,False,,Cherbourg,yes,False
1,1,female,,1,0,79.421,S,First,woman,False,,Southampton,yes,False
0,3,male,26.0,0,1,10.8477,S,Third,man,True,,Southampton,no,False
0,1,male,14.0,0,0,100.0908,S,First,child,False,B,Southampton,no,True
0,3,male,11.0,1,0,15.2989,S,Third,child,False,,Southampton,no,False
0,3,male,,0,0,8.1693,S,Third,man,True,,Southampton,no,True
0,1,male,,0,0,70.5078,S,First,man,True,B,Southampton,no,True
1,3,female,28.0,0,2,4.9788,Q,Third,woman,False,,Queenstown,yes,False
0,3,male,,0,0,16.2164,C,Third,man,True,,Cherbourg,no,True
0,3,female,43.0,0,0,9.956,S,Third,woman,False,,Southampton,no,True
1,2,male,5.0,0,0,14.8203,S,Second,child,False,,Southampton,yes,True
0,3,male,,1,0,25.0912,S,Third,man,True,,Southampton,no,False
1,1,male,35.0,1,2,94.0521,S,First,man,True,,Southampton,yes,False
0,1,male,14.0,0,0,109.4633,S,First,child,False,,Southampton,no,True
0,2,male,34.0,1,1,14.7715,Q,Second,man,True,,Queenstown,no,False
0,2,male,29.0,1,0,11.722,S,Second,man,True,,Southampton,no,False
1,3,female,22.0,1,0,10.7778,C,Third,woman,False,,Cherbourg,yes,False
1,1,male,69.0,3,0,77.7971,S,First,man,True,E,Southampton,yes,False
1,1,male,21.0,0,0,68.1472,C,First,man,True,C,Cherbourg,yes,True
0,3,male,22.0,0,2,11.4439,S,Third,man,True,,Southampton,no,False
0,3,male,3.0,0,0,14.1185,S,Third,child,False,,Southampton,no,True
0,3,male,15.0,0,1,21.4865,C,Third,child,False,,Cherbourg,no,False
0,3,male,,1,1,4.6922,S,Third,man,True,,Southampton,no,False
0,3,male,5.0,0,2,5.2692,S,Third,child,False,,Southampton,no,False
0,3,male,29.0,0,1,1.2875,S,Third,man,True,,Southampton,no,False
1,3,female,36.0,1,0,10.609,C,Third,woman,False,,Cherbourg,yes,False
1,2,female,24.0,2,0,6.7294,C,Second,woman,False,,Cherbourg,yes,False
1,2,male,,1,0,4.1162,C,Second,man,True,,Cherbourg,yes,False
0,3,male,53.0,1,0,8.7162,Q,Third,man,True,,Queenstown,no,False
0,2,male,36.0,0,0,8.0284,C,Second,man,True,,Cherbourg,no,True
0,3,male,39.0,0,0,19.542,S,Third,man,True,,Southampton,no,True
0,3,male,17.0,0,0,23.626,C,Third,man,True,,Cherbourg,no,True
1,1,female,,0,0,98.8249,C,First,woman,False,A,Cherbourg,yes,True
0,1,male,51.0,0,0,46.9939,S,First,man,True,D,Southampton,no,True
1,3,female,27.0,0,0,3.665,S,Third,woman,False,,Southampton,yes,True
0,3,male,9.0,1,0,5.1769,S,Third,child,False,,Southampton,no,False
0,3,male,13.0,0,0,4.9291,S,Third,child,False,,Southampton,no,True
1,2,female,28.0,0,0,11.8637,S,Second,woman,False,,Southampton,yes,True
0,1,male,,4,1,50.0724,C,First,man,True,C,Cherbourg,no,False
1,3,female,3.0,1,0,33.0812,C,Third,child,False,F,Cherbourg,yes,False
1,1,female,24.0,0,1,112.5477,C,First,woman,False,B,Cherbourg,yes,False
0,2,male,,1,2,58.8061,S,Second,man,True,,Southampton,no,False
0,3,male,27.0,1,0,11.4719,Q,Third,man,True,,Queenstown,no,False
0,2,male,6.0,0,0,8.5148,S,Second,child,False,,Southampton,no,True
0,3,male,1.0,0,0,6.2268,Q,Third,child,False,,Queenstown,no,True
0,1,male,30.0,1,0,61.4989,S,First,man,True,B,Southampton,no,False
1,1,female,,1,0,82.5964,S,First,woman,False,A,Southampton,yes,False
1,3,female,14.0,1,0,21.7968,S,Third,child,False,E,Southampton,yes,False
0,3,male,,0,2,6.4835,S,Third,man,True,,Southampton,no,False
1,3,female,20.0,0,0,7.4451,S,Third,woman,False,,Southampton,yes,True
1,3,female,15.0,4,1,11.0949,S,Third,child,False,,Southampton,yes,False
1,1,male,61.0,0,0,159.4576,C,First,man,True,D,Cherbourg,yes,True
0,2,male,24.0,1,2,11.5834,S,Second,man,True,,Southampton,no,False
1,3,male,7.0,2,0,13.9539,C,Third,child,False,,Cherbourg,yes,False
1,1,male,,0,0,29.1674,S,First,man,True,,Southampton,yes,True
1,1,female,55.0,0,0,83.7822,C,First,woman,False,E,Cherbourg,yes,True
1,3,female,,0,0,13.7006,S,Third,woman,False,,Southampton,yes,True
0,3,male,,0,1,14.5978,S,Third,man,True,,Southampton,no,False
1,2,female,,0,0,39.6754,Q,Second,woman,False,,Queenstown,yes,True
0,3,male,20.0,1,0,9.3669,S,Third,man,True,,Southampton,no,False
0,3,male,,0,0,15.4926,C,Third,man,True,,Cherbourg,no,True
0,3,male,11.0,0,1,5.2211,Q,Third,child,False,,Queenstown,no,False
0,2,male,59.0,0,0,6.8675,C,Second,man,True,,Cherbourg,no,True
1,3,female,17.0,2,0,9.3807,Q,Third,woman,False,,Queenstown,yes,False
0,3,female,19.0,0,1,8.1476,Q,Third,woman,False,,Queenstown,no,False
0,3,male,,0,1,32.0793,S,Third,man,True,,Southampton,no,False
0,2,female,22.0,1,0,25.6613,C,Second,woman,False,,Cherbourg,no,False
0,3,female,17.0,0,0,26.0134,S,Third,woman,False,,Southampton,no,True
1,2,male,14.0,1,0,20.706,S,Second,child,False,,Southampton,yes,False
1,3,female,33.0,0,0,17.5475,S,Third,woman,False,,Southampton,yes,True
0,3,female,,0,0,8.0285,C,Third,woman,False,,Cherbourg,no,True
0,2,male,,4,0,25.2475,S,Second,man,True,,Southampton,no,False
0,3,male,20.0,0,0,6.772,S,Third,man,True,,Southampton,no,True
1,3,female,44.0,0,2,6.8904,S,Third,woman,False,,Southampton,yes,False
0,3,male,28.0,0,0,1.8842,S,Third,man,True,,Southampton,no,True
0,3,male,18.0,0,0,12.7475,S,Third,man,True,,Southampton,no,True
0,3,male,32.0,1,2,18.3069,S,Third,man,True,,Southampton,no,False
1,3,female,,2,0,15.6092,C,Third,woman,False,,Cherbourg,yes,False
1,1,female,39.0,0,2,75.8515,S,First,woman,False,,Southampton,yes,False
0,3,male,,0,0,7.1652,S,Third,man,True,,Southampton,no,True
0,3,female,25.0,3,0,1.9109,C,Third,woman,False,,Cherbourg,no,False
1,3,female,23.0,1,0,4.3113,C,Third,woman,False,,Cherbourg,yes,False
0,3,male,36.0,0,0,8.9014,S,Third,man,True,,Southampton,no,True
1,1,male,53.0,1,0,102.8644,C,First,man,True,B,Cherbourg,yes,False
1,1,male,13.0,0,0,147.052,S,First,child,False,B,Southampton,yes,True
1,3,female,36.0,0,0,21.6267,C,Third,woman,False,,Cherbourg,yes,True
1,1,male,,0,0,39.7749,S,First,man,True,B,Southampton,yes,True
0,3,female,43.0,0,0,8.4271,S,Third,woman,False,,Southampton,no,True
1,1,female,12.0,0,0,25.6724,S,First,child,False,D,Southampton,yes,True
0,2,female,13.0,4,2,4.3247,S,Second,child,False,,Southampton,no,False
1,1,female,37.0,0,0,34.7118,S,First,woman,False,D,Southampton,yes,True
0,3,male,47.0,0,0,5.5922,S,Third,man,True,,Southampton,no,True
0,2,male,,1,0,8.4013,S,Second,man,True,,Southampton,no,False
0,3,male,,0,1,17.0213,S,Third,man,True,,Southampton,no,False
0,2,male,30.0,0,1,44.5445,S,Second,man,True,,Southampton,no,False
0,3,male,18.0,0,0,5.5459,S,Third,man,True,,Southampton,no,True
0,3,male,40.0,1,0,31.8504,Q,Third,man,True,,Queenstown,no,False
0,1,male,,1,0,19.1552,C,First,man,True,,Cherbourg,no,False
0,3,male,38.0,0,4,13.1338,S,Third,man,True,,Southampton,no,False
0,3,male,30.0,0,3,14.6852,S,Third,man,True,,Southampton,no,False
0,3,male,3.0,0,1,3.6689,C,Third,child,False,,Cherbourg,no,False
1,2,female,,1,0,31.525,S,Second,woman,False,,Southampton,yes,False
0,3,male,,0,0,7.4822,S,Third,man,True,,Southampton,no,True
1,1,female,,1,0,75.9503,S,First,woman,False,B,Southampton,yes,False
0,3,male,15.0,0,0,21.6786,S,Third,child,False,,Southampton,no,True
1,1,male,27.0,0,0,101.1325,S,First,man,True,,Southampton,yes,True
0,2,male,34.0,0,0,11.4957,S,Second,man,True,F,Southampton,no,True
0,1,male,,0,0,60.6684,C,First,man,True,E,Cherbourg,no,True
1,3,female,51.0,0,0,33.0235,S,Third,woman,False,,Southampton,yes,True
0,3,male,43.0,0,0,2.9073,S,Third,man,True,,Southampton,no,True
0,3,female,12.0,0,0,18.9545,S,Third,child,False,,Southampton,no,True
0,1,male,9.0,0,0,123.5501,S,First,child,False,C,Southampton,no,True
1,3,female,4.0,0,0,36.6164,S,Third,child,False,,Southampton,yes,True
0,2,male,33.0,1,1,40.3453,C,Second,man,True,,Cherbourg,no,False
1,1,male,,0,1,21.6019,S,First,man,True,,Southampton,yes,False
0,3,male,1.0,1,1,14.8809,S,Third,child,False,,Southampton,no,False
0,1,male,43.0,1,0,81.6951,C,First,man,True,E,Cherbourg,no,False
1,3,female,32.0,1,0,17.7513,Q,Third,woman,False,,Queenstown,yes,False
0,3,male,36.0,0,0,35.2658,Q,Third,man,True,,Queenstown,no,True
0,1,male,,1,0,81.1563,S,First,man,True,B,Southampton,no,False
0,2,male,38.0,1,2,13.8087,S,Second,man,True,,Southampton,no,False
0,2,male,39.0,0,0,13.6678,S,Second,man,True,,Southampton,no,True
1,2,female,42.0,0,0,33.9433,S,Second,woman,False,,Southampton,yes,True
0,3,female,38.0,0,0,4.6976,S,Third,woman,False,,Southampton,no,True
0,3,female,,0,1,15.6263,C,Third,woman,False,,Cherbourg,no,False
0,1,male,11.0,4,0,81.836,C,First,child,False,D,Cherbourg,no,False
0,3,male,,0,0,2.77,S,Third,man,True,,Southampton,no,True
0,2,male,,0,0,22.394,S,Second,man,True,,Southampton,no,True
0,3,female,15.0,0,0,4.5039,C,Third,child,False,,Cherbourg,no,True
1,2,male,18.0,4,0,64.0873,S,Second,man,True,,Southampton,yes,False
0,3,male,29.0,4,0,5.1183,S,Third,man,True,,Southampton,no,False
1,3,female,4.0,0,1,19.4613,S,Third,child,False,,Southampton,yes,False
0,2,male,39.0,5,0,13.2799,S,Second,man,True,,Southampton,no,False
1,3,male,10.0,0,0,4.6957,Q,Third,child,False,,Queenstown,yes,True
0,3,male,20.0,0,0,13.3366,S,Third,man,True,,Southampton,no,True
0,3,male,18.0,2,0,3.8979,S,Third,man,True,,Southampton,no,False
0,1,male,43.0,0,1,54.8301,S,First,man,True,D,Southampton,no,False
1,2,male,40.0,0,0,42.6982,S,Second,man,True,,Southampton,yes,True
1,2,female,17.0,2,0,12.4489,S,Second,woman,False,,Southampton,yes,False
1,1,female,,0,0,300.0715,Q,First,woman,False,C,Queenstown,yes,True
0,1,male,,0,1,133.7285,Q,First,man,True,B,Queenstown,no,False
1,3,female,23.0,0,0,3.3797,S,Third,woman,False,,Southampton,yes,True
0,2,male,18.0,0,0,74.2735,C,Second,man,True,,Cherbourg,no,True
1,3,female,20.0,0,0,32.421,Q,Third,woman,False,,Queenstown,yes,True
0,1,male,44.0,0,0,15.9876,C,First,man,True,C,Cherbourg,no,True
1,3,female,21.0,0,0,7.9604,S,Third,woman,False,,Southampton,yes,True
1,1,female,34.0,1,2,230.8266,C,First,woman,False,B,Cherbourg,yes,False
1,3,female,15.0,3,1,9.2555,S,Third,child,False,,Southampton,yes,False
0,3,male,35.0,2,0,10.0685,S,Third,man,True,,Southampton,no,False
0,3,male,19.0,0,0,5.1922,S,Third,man,True,,Southampton,no,True
0,2,male,33.0,0,0,16.3269,C,Second,man,True,,Cherbourg,no,True
0,1,male,38.0,0,0,91.5564,S,First,man,True,C,Southampton,no,True
0,3,male,21.0,1,1,37.6888,S,Third,man,True,,Southampton,no,False
0,3,male,15.0,1,0,6.1293,C,Third,child,False,,Cherbourg,no,False
1,1,female,34.0,0,0,70.3723,S,First,woman,False,C,Southampton,yes,True
0,3,male,,3,0,32.8729,S,Third,man,True,,Southampton,no,False
0,1,male,49.0,0,1,95.3171,S,First,man,True,,Southampton,no,False
0,3,female,14.0,0,1,4.0751,S,Third,child,False,,Southampton,no,False
1,3,female,37.0,0,2,17.9496,S,Third,woman,False,,Southampton,yes,False
0,3,male,43.0,0,0,13.1411,S,Third,man,True,,Southampton,no,True
0,2,male,39.0,1,0,4.8381,C,Second,man,True,,Cherbourg,no,False
0,1,male,46.0,1,2,173.412,Q,First,man,True,B,Queenstown,no,False
0,2,female,,1,2,6.1455,S,Second,woman,False,,Southampton,no,False
0,1,male,42.0,1,0,150.9864,C,First,man,True,D,Cherbourg,no,False
1,3,female,33.0,5,0,11.8132,S,Third,woman,False,,Southampton,yes,False
0,3,male,,0,0,16.0869,S,Third,man,True,,Southampton,no,True
0,3,male,22.0,0,1,4.1706,S,Third,man,True,,Southampton,no,False
1,1,female,19.0,0,0,37.7939,S,First,woman,False,A,Southampton,yes,True
0,1,male,10.0,1,0,69.5916,C,First,child,False,E,Cherbourg,no,False
0,3,female,26.0,1,2,6.4266,S,Third,woman,False,,Southampton,no,False
0,1,male,42.0,0,0,29.3921,S,First,man,True,C,Southampton,no,True
0,1,male,26.0,1,0,45.7552,S,First,man,True,B,Southampton,no,False
1,3,male,34.0,0,0,5.1001,S,Third,man,True,,Southampton,yes,True
0,2,male,38.0,2,1,17.1913,S,Second,man,True,,Southampton,no,False
1,2,male,31.0,0,2,8.9502,S,Second,man,True,,Southampton,yes,False
0,2,male,23.0,0,0,1.594,S,Second,man,True,,Southampton,no,True
1,3,female,36.0,0,2,34.2693,S,Third,woman,False,,Southampton,yes,False
1,3,female,52.0,0,1,9.8978,S,Third,woman,False,,Southampton,yes,False
1,3,female,1.0,0,0,15.2762,C,Third,child,False,,Cherbourg,yes,True
1,3,male,5.0,1,2,2.2596,S,Third,child,False,,Southampton,yes,False
0,2,female,,0,0,6.8983,S,Second,woman,False,,Southampton,no,True
1,1,female,48.0,0,0,63.6986,Q,First,woman,False,D,Queenstown,yes,True
0,3,male,41.0,0,0,48.1769,S,Third,man,True,,Southampton,no,True
0,1,male,30.0,1,0,84.2265,C,First,man,True,A,Cherbourg,no,False
1,3,male,21.0,4,0,7.0637,S,Third,man,True,,Southampton,yes,False
0,3,female,27.0,1,1,11.0743,S,Third,woman,False,G,Southampton,no,False
0,3,male,,1,0,3.3793,S,Third,man,True,,Southampton,no,False
1,1,male,33.0,0,0,28.4431,S,First,man,True,C,Southampton,yes,True
1,1,female,18.0,2,1,113.352,C,First,woman,False,B,Cherbourg,yes,False
0,3,male,1.0,0,2,10.1576,S,Third,child,False,,Southampton,no,False
0,2,male,23.0,4,1,18.1774,S,Second,man,True,E,Southampton,no,False
0,1,female,45.0,1,0,151.2656,S,First,woman,False,C,Southampton,no,False
0,3,male,23.0,5,1,11.2495,S,Third,man,True,,Southampton,no,False
0,3,male,24.0,0,0,3.1366,Q,Third,man,True,,Queenstown,no,True
0,1,male,32.0,0,0,205.5535,Q,First,man,True,C,Queenstown,no,True
0,1,male,49.0,1,2,102.9595,S,First,man,True,D,Southampton,no,False
1,3,female,37.0,0,2,21.0249,S,Third,woman,False,,Southampton,yes,False
1,3,female,8.0,1,0,6.5015,S,Third,child,False,,Southampton,yes,False
0,3,male,11.0,0,0,13.8088,C,Third,child,False,,Cherbourg,no,True
0,3,male,21.0,0,0,30.8556,S,Third,man,True,,Southampton,no,True
0,1,male,11.0,0,0,40.5016,S,First,child,False,C,Southampton,no,True
0,1,male,49.0,0,0,116.3636,C,First,man,True,D,Cherbourg,no,True
1,2,female,28.0,0,0,44.8793,Q,Second,woman,False,,Queenstown,yes,True
0,3,male,46.0,0,0,0.0,Q,Third,man,True,,Queenstown,no,True
1,1,female,62.0,0,0,26.6448,C,First,woman,False,,Cherbourg,yes,True
1,2,male,18.0,0,0,7.1871,S,Second,man,True,,Southampton,yes,True
0,2,male,32.0,1,0,8.829,S,Second,man,True,D,Southampton,no,False
0,3,male,41.0,1,0,9.7365,S,Third,man,True,,Southampton,no,False
1,1,male,,0,0,57.7249,C,First,man,True,B,Cherbourg,yes,True
0,3,male,32.0,0,0,10.7824,S,Third,man,True,,Southampton,no,True
1,2,female,24.0,1,0,22.3881,S,Second,woman,False,,Southampton,yes,False
1,3,female,19.0,4,1,5.5407,S,Third,woman,False,,Southampton,yes,False
0,3,male,30.0,1,0,14.9224,S,Third,man,True,,Southampton,no,False
0,3,male,41.0,0,0,4.3905,S,Third,man,True,,Southampton,no,True
0,2,male,15.0,3,0,13.7507,S,Second,child,False,,Southampton,no,False
0,3,male,25.0,0,0,3.406,S,Third,man,True,,Southampton,no,True
1,1,female,,0,0,212.5298,S,First,woman,False,C,Southampton,yes,True
0,2,male,8.0,1,0,2.291,S,Second,child,False,F,Southampton,no,False
1,1,female,38.0,1,0,41.7111,C,First,woman,False,C,Cherbourg,yes,False
0,3,male,38.0,4,0,3.2508,S,Third,man,True,,Southampton,no,False
0,1,female,,0,0,94.837,C,First,woman,False,B,Cherbourg,no,True
0,3,male,25.0,0,0,15.8689,S,Third,man,True,,Southampton,no,True
1,1,female,33.0,0,0,54.1197,C,First,woman,False,D,Cherbourg,yes,True
0,3,male,49.0,0,0,4.3764,S,Third,man,True,,Southampton,no,True
1,3,female,8.0,0,0,3.2971,S,Third,child,False,,Southampton,yes,True
0,1,male,17.0,1,0,34.916,S,First,man,True,E,Southampton,no,False
0,3,male,,1,0,10.0063,S,Third,man,True,,Southampton,no,False
0,3,male,3.0,1,0,24.1733,S,Third,child,False,,Southampton,no,False
0,3,male,14.0,0,0,13.8191,S,Third,child,False,,Southampton,no,True
0,3,male,40.0,0,0,22.397,S,Third,man,True,,Southampton,no,True
0,3,male,32.0,0,0,9.4371,C,Third,man,True,,Cherbourg,no,True
1,3,male,26.0,0,2,8.9992,S,Third,man,True,,Southampton,yes,False
0,3,male,29.0,0,0,13.0988,Q,Third,man,True,,Queenstown,no,True
1,2,female,56.0,0,0,19.6489,Q,Second,woman,False,,Queenstown,yes,True
1,1,female,,0,0,39.0122,S,First,woman,False,D,Southampton,yes,True
1,1,female,45.0,0,0,105.2465,S,First,woman,False,E,Southampton,yes,True
1,3,female,35.0,1,0,12.6491,S,Third,woman,False,,Southampton,yes,False
1,2,female,22.0,0,0,10.3955,S,Second,woman,False,,Southampton,yes,True
1,3,female,23.0,5,2,15.0668,Q,Third,woman,False,,Queenstown,yes,False
1,2,female,29.0,0,1,10.9562,S,Second,woman,False,,Southampton,yes,False
1,1,female,24.0,5,1,56.0842,C,First,woman,False,E,Cherbourg,yes,False
1,2,female,38.0,0,2,11.5722,S,Second,woman,False,,Southampton,yes,False
0,2,male,,1,0,16.5371,S,Second,man,True,,Southampton,no,False
0,1,male,35.0,1,0,117.0943,S,First,man,True,C,Southampton,no,False
1,2,female,19.0,0,0,6.3841,S,Second,woman,False,E,Southampton,yes,True
0,3,male,17.0,2,1,13.4748,S,Third,man,True,,Southampton,no,False
1,2,female,53.0,0,0,13.5144,Q,Second,woman,False,,Queenstown,yes,True
0,3,female,19.0,1,1,5.9447,S,Third,woman,False,,Southampton,no,False
0,3,male,11.0,0,0,4.1611,C,Third,child,False,,Cherbourg,no,True
0,1,male,16.0,3,0,0.0,S,First,man,True,B,Southampton,no,False
1,3,female,21.0,0,0,7.7315,S,Third,woman,False,,Southampton,yes,True
1,3,female,45.0,1,0,11.9075,S,Third,woman,False,,Southampton,yes,False
0,3,male,,0,0,12.5158,S,Third,man,True,,Southampton,no,True
0,3,female,36.0,0,0,29.4302,S,Third,woman,False,,Southampton,no,True
1,3,female,,1,2,28.5446,S,Third,woman,False,,Southampton,yes,False
1,1,female,48.0,0,2,123.9271,S,First,woman,False,C,Southampton,yes,False
0,3,male,25.0,0,1,19.9451,S,Third,man,True,,Southampton,no,False
1,3,female,36.0,0,0,48.1886,C,Third,woman,False,,Cherbourg,yes,True
0,3,male,58.0,1,0,13.664,Q,Third,man,True,,Queenstown,no,False
1,3,female,,0,0,16.6106,S,Third,woman,False,,Southampton,yes,True
1,2,female,12.0,0,0,25.1532,S,Second,child,False,,Southampton,yes,True
0,3,male,55.0,2,1,6.5549,S,Third,man,True,,Southampton,no,False
0,3,male,26.0,0,1,10.8109,S,Third,man,True,,Southampton,no,False
1,3,female,25.0,0,1,11.447,S,Third,woman,False,,Southampton,yes,False
1,2,male,,1,0,19.2529,S,Second,man,True,D,Southampton,yes,False
0,3,male,,1,0,11.9366,S,Third,man,True,,Southampton,no,False
1,3,female,43.0,0,1,9.8606,S,Third,woman,False,,Southampton,yes,False
1,3,female,32.0,1,2,17.2883,S,Third,woman,False,,Southampton,yes,False
1,1,female,52.0,0,1,29.8215,S,First,woman,False,D,Southampton,yes,False
1,3,female,22.0,0,0,14.2632,S,Third,woman,False,,Southampton,yes,True
0,3,male,47.0,0,0,6.1617,S,Third,man,True,,Southampton,no,True
0,1,male,48.0,0,0,15.495,C,First,man,True,C,Cherbourg,no,True
0,3,male,53.0,1,0,3.6264,S,Third,man,True,,Southampton,no,False
1,1,male,14.0,4,1,63.5856,S,First,child,False,D,Southampton,yes,False
1,3,male,11.0,0,2,16.6315,S,Third,child,False,,Southampton,yes,False
0,3,male,41.0,0,0,7.1698,C,Third,man,True,,Cherbourg,no,True
0,3,male,,1,0,9.454,Q,Third,man,True,,Queenstown,no,False
1,3,male,15.0,1,0,14.3155,S,Third,child,False,,Southampton,yes,False
0,3,male,30.0,0,0,7.9799,S,Third,man,True,,Southampton,no,True
0,1,male,,0,2,100.0301,Q,First,man,True,B,Queenstown,no,False
0,3,female,44.0,0,1,27.8251,Q,Third,woman,False,,Queenstown,no,False
0,3,male,,2,1,22.9875,C,Third,man,True,,Cherbourg,no,False
0,1,male,39.0,1,0,39.555,S,First,man,True,D,Southampton,no,False
1,2,male,,4,0,7.8601,S,Second,man,True,,Southampton,yes,False
0,3,male,28.0,0,0,39.7638,C,Third,man,True,,Cherbourg,no,True
0,3,male,,1,0,23.8209,C,Third,man,True,,Cherbourg,no,False
0,3,male,22.0,1,0,28.615,S,Third,man,True,,Southampton,no,False
1,1,male,38.0,0,0,83.7536,S,First,man,True,B,Southampton,yes,True
1,2,male,29.0,2,0,11.2086,S,Second,man,True,E,Southampton,yes,False
0,3,male,50.0,0,0,17.2348,S,Third,man,True,,Southampton,no,True
0,3,male,,0,0,4.9574,S,Third,man,True,,Southampton,no,True
1,3,female,41.0,0,0,8.7889,S,Third,woman,False,,Southampton,yes,True
0,3,male,28.0,0,0,15.4828,S,Third,man,True,,Southampton,no,True
0,1,male,,0,0,79.3843,C,First,man,True,C,Cherbourg,no,True
1,3,female,1.0,1,0,5.9639,S,Third,child,False,,Southampton,yes,False
1,3,female,,1,0,15.3873,S,Third,woman,False,,Southampton,yes,False
1,3,female,52.0,1,0,8.7786,S,Third,woman,False,,Southampton,yes,False
0,2,male,,0,0,27.9418,S,Second,man,True,,Southampton,no,True
0,1,male,6.0,1,0,56.3752,C,First,child,False,D,Cherbourg,no,False
0,3,female,32.0,1,0,9.8774,S,Third,woman,False,,Southampton,no,False
0,2,male,14.0,1,0,8.4216,S,Second,child,False,,Southampton,no,False
1,3,female,3.0,0,3,38.5808,S,Third,child,False,,Southampton,yes,False
0,3,male,21.0,0,0,31.4598,S,Third,man,True,,Southampton,no,True
1,3,male,9.0,0,2,5.8973,S,Third,child,False,,Southampton,yes,False
0,3,female,43.0,0,0,7.6103,C,Third,woman,False,F,Cherbourg,no,True
0,3,male,31.0,0,0,24.7438,S,Third,man,True,,Southampton,no,True
1,3,female,,0,1,4.7499,S,Third,woman,False,,Southampton,yes,False
1,3,female,,1,0,21.4615,S,Third,woman,False,,Southampton,yes,False
1,3,male,,4,0,18.8656,S,Third,man,True,,Southampton,yes,False
0,3,male,,0,0,7.7929,S,Third,man,True,G,Southampton,no,True
1,2,male,8.0,0,3,36.823,S,Second,child,False,,Southampton,yes,False
1,1,female,6.0,0,0,88.3608,S,First,child,False,C,Southampton,yes,True
0,3,male,1.0,4,2,11.8149,S,Third,child,False,,Southampton,no,False
1,1,female,51.0,3,0,84.3654,S,First,woman,False,C,Southampton,yes,False
1,1,male,60.0,0,1,80.8364,S,First,man,True,,Southampton,yes,False
0,3,male,39.0,0,0,4.8101,S,Third,man,True,,Southampton,no,True
0,3,male,,0,0,11.1223,S,Third,man,True,,Southampton,no,True
1,1,female,12.0,1,0,59.5135,S,First,child,False,D,Southampton,yes,False
1,1,female,38.0,1,0,56.9976,C,First,woman,False,C,Cherbourg,yes,False
1,3,male,1.0,0,0,14.2557,S,Third,child,False,,Southampton,yes,True
0,2,male,17.0,0,0,13.3296,S,Second,man,True,,Southampton,no,True
1,3,female,24.0,0,0,11.7941,S,Third,woman,False,,Southampton,yes,True
1,1,male,32.0,4,0,103.5256,C,First,man,True,B,Cherbourg,yes,False
1,3,female,39.0,0,0,6.2943,S,Third,woman,False,,Southampton,yes,True
1,2,female,,0,2,15.7129,S,Second,woman,False,E,Southampton,yes,False
0,2,male,12.0,3,0,8.8768,S,Second,child,False,,Southampton,no,False
1,2,male,23.0,0,0,14.0843,S,Second,man,True,,Southampton,yes,True
0,3,female,16.0,0,1,17.8895,S,Third,woman,False,,Southampton,no,False
0,3,male,42.0,0,0,14.2414,Q,Third,man,True,,Queenstown,no,True
1,1,male,15.0,2,0,19.6868,S,First,child,False,D,Southampton,yes,False
1,1,female,29.0,0,0,34.9995,S,First,woman,False,,Southampton,yes,True
1,1,female,49.0,3,2,85.7301,S,First,woman,False,A,Southampton,yes,False
1,3,male,15.0,1,0,1.5662,S,Third,child,False,,Southampton,yes,False
1,2,female,3.0,0,0,12.0272,S,Second,child,False,,Southampton,yes,True
0,3,male,27.0,0,2,4.6164,S,Third,man,True,,Southampton,no,False
1,1,female,,0,2,62.6964,S,First,woman,False,B,Southampton,yes,False
1,3,female,2.0,0,2,2.1586,S,Third,child,False,,Southampton,yes,False
1,3,female,27.0,0,0,7.581,S,Third,woman,False,,Southampton,yes,True
0,3,female,,3,0,9.0411,C,Third,woman,False,,Cherbourg,no,False
0,2,male,,1,1,4.5129,S,Second,man,True,,Southampton,no,False
0,3,male,6.0,2,1,13.6662,S,Third,child,False,,Southampton,no,False
0,3,male,34.0,0,0,12.3525,S,Third,man,True,,Southampton,no,True
0,3,male,36.0,1,0,15.7949,Q,Third,man,True,,Queenstown,no,False
0,1,male,55.0,0,0,29.7792,C,First,man,True,C,Cherbourg,no,True
0,3,male,,0,0,11.8038,S,Third,man,True,,Southampton,no,True
0,3,male,,1,0,8.9852,S,Third,man,True,,Southampton,no,False
0,3,male,,0,2,16.9839,S,Third,man,True,,Southampton,no,False
1,1,female,,0,0,97.363,C,First,woman,False,E,Cherbourg,yes,True
0,3,male,15.0,3,0,6.5885,C,Third,child,False,,Cherbourg,no,False
0,3,male,23.0,1,0,10.4232,S,Third,man,True,,Southampton,no,False
0,3,male,11.0,0,0,14.9378,S,Third,child,False,,Southampton,no,True
0,3,male,,0,0,8.7447,C,Third,man,True,,Cherbourg,no,True
0,3,male,,0,0,16.7022,S,Third,man,True,,Southampton,no,True
1,3,male,1.0,1,2,12.5844,S,Third,child,False,,Southampton,yes,False
1,2,female,,0,3,18.1778,Q,Second,woman,False,,Queenstown,yes,False
1,1,male,,0,0,42.9507,C,First,man,True,,Cherbourg,yes,True
0,3,male,,0,0,5.5086,S,Third,man,True,,Southampton,no,True
0,3,male,37.0,0,1,2.4285,S,Third,man,True,,Southampton,no,False
1,3,female,3.0,0,0,2.472,S,Third,child,False,,Southampton,yes,True
1,2,female,,0,0,6.0747,S,Second,woman,False,,Southampton,yes,True
0,3,male,12.0,0,2,10.1815,S,Third,child,False,,Southampton,no,False
1,3,female,33.0,1,0,5.7008,S,Third,woman,False,,Southampton,yes,False
0,2,female,14.0,1,0,12.3915,Q,Second,child,False,,Queenstown,no,False
1,3,female,,0,0,11.0274,S,Third,woman,False,,Southampton,yes,True
1,3,female,4.0,0,0,1.826,S,Third,child,False,,Southampton,yes,True
1,2,female,17.0,3,0,13.3207,S,Second,woman,False,F,Southampton,yes,False
0,2,male,21.0,0,0,60.8523,S,Second,man,True,,Southampton,no,True
1,3,female,19.0,0,0,8.8218,S,Third,woman,False,,Southampton,yes,True
0,3,female,1.0,0,1,5.3549,S,Third,child,False,,Southampton,no,False
0,3,male,28.0,4,0,6.8022,C,Third,man,True,,Cherbourg,no,False
0,3,male,32.0,2,1,4.1684,S,Third,man,True,,Southampton,no,False
1,3,male,5.0,0,0,11.4823,C,Third,child,False,,Cherbourg,yes,True
0,3,male,49.0,0,0,40.3972,S,Third,man,True,,Southampton,no,True
0,3,male,14.0,2,0,38.1621,S,Third,child,False,,Southampton,no,False
1,1,male,47.0,0,0,16.7902,S,First,man,True,B,Southampton,yes,True
0,2,male,18.0,1,0,10.9447,Q,Second,man,True,D,Queenstown,no,False
1,3,male,25.0,1,0,16.2165,Q,Third,man,True,,Queenstown,yes,False
0,2,male,,1,0,10.7307,S,Second,man,True,,Southampton,no,False
1,1,male,17.0,2,1,256.4551,C,First,man,True,B,Cherbourg,yes,False
1,1,female,31.0,1,0,30.6496,S,First,woman,False,B,Southampton,yes,False
1,1,female,36.0,5,0,105.5961,S,First,woman,False,D,Southampton,yes,False
0,3,male,34.0,0,0,7.7292,S,Third,man,True,,Southampton,no,True
0,3,female,,1,0,5.5686,S,Third,woman,False,,Southampton,no,False
0,2,male,69.0,0,0,3.6982,S,Second,man,True,,Southampton,no,True
0,3,female,53.0,1,0,10.6095,S,Third,woman,False,,Southampton,no,False
1,1,female,,0,0,113.2926,S,First,woman,False,B,Southampton,yes,True
0,3,male,,0,0,15.2704,S,Third,man,True,,Southampton,no,True
0,3,female,35.0,0,0,16.5989,S,Third,woman,False,,Southampton,no,True
0,3,male,32.0,0,0,10.9124,S,Third,man,True,,Southampton,no,True
0,3,male,46.0,0,0,11.5177,S,Third,man,True,,Southampton,no,True
0,3,male,,2,0,23.3986,S,Third,man,True,,Southampton,no,False
1,1,female,21.0,0,1,15.933,S,First,woman,False,A,Southampton,yes,False
0,3,male,49.0,0,0,20.5168,S,Third,man,True,,Southampton,no,True
1,3,female,44.0,0,0,9.8857,C,Third,woman,False,,Cherbourg,yes,True
0,3,male,5.0,0,0,3.8099,S,Third,child,False,,Southampton,no,True
0,3,male,50.0,1,0,11.7551,Q,Third,man,True,,Queenstown,no,False
1,3,male,9.0,1,0,2.6093,C,Third,child,False,,Cherbourg,yes,False
0,3,male,41.0,0,0,15.7496,S,Third,man,True,F,Southampton,no,True
1,3,female,2.0,0,0,8.3016,S,Third,child,False,,Southampton,yes,True
0,2,male,33.0,0,0,8.3056,S,Second,man,True,,Southampton,no,True
1,3,female,28.0,0,1,30.9816,S,Third,woman,False,,Southampton,yes,False
0,1,male,,0,0,15.5409,S,First,man,True,B,Southampton,no,True
0,2,male,23.0,0,0,45.512,S,Second,man,True,,Southampton,no,True
0,3,male,38.0,0,0,18.3106,S,Third,man,True,,Southampton,no,True
0,3,female,19.0,1,0,4.0416,C,Third,woman,False,,Cherbourg,no,False
0,2,male,,5,0,12.712,S,Second,man,True,,Southampton,no,False
0,3,male,34.0,0,0,4.0308,C,Third,man,True,,Cherbourg,no,True
1,3,male,20.0,1,0,4.282,S,Third,man,True,,Southampton,yes,False
0,3,male,23.0,0,0,52.5464,S,Third,man,True,,Southampton,no,True
0,3,male,43.0,0,0,5.0946,S,Third,man,True,,Southampton,no,True
0,2,male,6.0,1,0,16.7965,S,Second,child,False,,Southampton,no,False
1,1,male,27.0,0,0,118.8027,S,First,man,True,,Southampton,yes,True
1,2,female,11.0,0,0,12.2649,S,Second,child,False,,Southampton,yes,True
1,2,female,33.0,0,0,9.4705,S,Second,woman,False,,Southampton,yes,True
1,1,female,15.0,1,0,68.6719,S,First,child,False,,Southampton,yes,False
0,1,male,19.0,0,0,60.8847,S,First,man,True,E,Southampton,no,True
0,2,male,47.0,1,0,7.6771,S,Second,man,True,,Southampton,no,False
0,3,male,47.0,0,0,10.198,S,Third,man,True,,Southampton,no,True
1,3,female,1.0,0,0,4.5559,Q,Third,child,False,,Queenstown,yes,True
0,3,male,8.0,0,0,7.3031,S,Third,child,False,,Southampton,no,True
0,3,male,27.0,1,0,10.9717,S,Third,man,True,,Southampton,no,False
0,3,male,13.0,0,0,20.2917,S,Third,child,False,,Southampton,no,True
0,3,male,,1,0,6.4158,S,Third,man,True,,Southampton,no,False
1,2,female,49.0,0,0,6.1983,S,Second,woman,False,,Southampton,yes,True
0,3,male,37.0,0,0,8.8916,S,Third,man,True,,Southampton,no,True
0,3,male,24.0,0,0,12.7927,S,Third,man,True,,Southampton,no,True
1,1,female,,0,0,119.6552,S,First,woman,False,,Southampton,yes,True
0,3,male,,0,1,9.317,S,Third,man,True,,Southampton,no,False
1,3,female,9.0,3,0,4.5739,C,Third,child,False,,Cherbourg,yes,False
1,2,female,22.0,1,2,7.2131,S,Second,woman,False,,Southampton,yes,False
0,3,male,34.0,4,0,3.6214,C,Third,man,True,,Cherbourg,no,False
0,3,male,26.0,0,0,9.4473,S,Third,man,True,,Southampton,no,True
0,3,male,32.0,0,0,4.4306,S,Third,man,True,,Southampton,no,True
0,3,male,,0,0,6.723,S,Third,man,True,,Southampton,no,True
0,3,male,1.0,0,0,16.9297,C,Third,child,False,,Cherbourg,no,True
1,3,female,48.0,0,0,6.7666,S,Third,woman,False,,Southampton,yes,True
0,2,male,,0,1,15.7342,S,Second,man,True,,Southampton,no,False
0,1,male,36.0,0,0,66.854,S,First,man,True,B,Southampton,no,True
0,3,male,29.0,2,0,4.6731,S,Third,man,True,,Southampton,no,False
0,3,female,25.0,0,0,6.2756,Q,Third,woman,False,,Queenstown,no,True
0,2,female,33.0,3,0,22.8815,Q,Second,woman,False,D,Queenstown,no,False
0,2,male,22.0,0,0,6.5766,S,Second,man,True,,Southampton,no,True
1,2,female,,1,0,36.8219,Q,Second,woman,False,,Queenstown,yes,False
0,3,male,26.0,0,0,13.945,S,Third,man,True,,Southampton,no,True
1,3,female,5.0,0,1,15.6348,Q,Third,child,False,,Queenstown,yes,False
0,2,male,20.0,1,0,11.2091,C,Second,man,True,,Cherbourg,no,False
0,1,male,40.0,0,0,34.3033,Q,First,man,True,,Queenstown,no,True
0,3,female,15.0,0,0,13.8034,S,Third,child,False,,Southampton,no,True
1,1,female,28.0,1,0,268.3334,Q,First,woman,False,B,Queenstown,yes,False
1,3,male,24.0,4,1,16.9459,S,Third,man,True,,Southampton,yes,False
1,1,male,42.0,0,0,38.3204,C,First,man,True,D,Cherbourg,yes,True
0,3,male,23.0,1,1,2.5661,S,Third,man,True,,Southampton,no,False
0,3,male,,0,0,7.476,C,Third,man,True,,Cherbourg,no,True
0,3,male,49.0,0,0,6.609,S,Third,man,True,,Southampton,no,True
0,3,male,20.0,2,1,4.2187,S,Third,man,True,,Southampton,no,False
0,1,male,,0,0,37.8344,C,First,man,True,D,Cherbourg,no,True
0,3,male,2.0,0,1,23.7684,S,Third,child,False,,Southampton,no,False
1,3,male,,0,0,5.6312,S,Third,man,True,,Southampton,yes,True
1,3,female,24.0,1,0,11.0074,Q,Third,woman,False,,Queenstown,yes,False
0,3,female,,0,0,20.3153,Q,Third,woman,False,,Queenstown,no,True
0,3,female,20.0,0,0,18.3262,S,Third,woman,False,G,Southampton,no,True
1,3,female,,0,0,16.3632,S,Third,woman,False,,Southampton,yes,True
0,3,male,42.0,4,0,4.5646,S,Third,man,True,,Southampton,no,False
1,3,female,33.0,0,0,13.656,S,Third,woman,False,,Southampton,yes,True
0,3,female,28.0,0,0,2.0494,S,Third,woman,False,,Southampton,no,True
1,3,female,1.0,0,0,3.8421,S,Third,child,False,,Southampton,yes,True
0,3,male,,0,0,14.642,S,Third,man,True,,Southampton,no,True
0,3,female,25.0,1,0,17.0549,S,Third,woman,False,,Southampton,no,False
0,3,female,28.0,1,2,17.8158,Q,Third,woman,False,,Queenstown,no,False
1,1,male,25.0,0,0,69.7632,S,First,man,True,B,Southampton,yes,True
0,1,male,54.0,3,0,98.8677,C,First,man,True,,Cherbourg,no,False
0,2,male,29.0,0,2,11.7452,S,Second,man,True,,Southampton,no,False
0,2,male,26.0,3,0,6.6326,Q,Second,man,True,E,Queenstown,no,False
0,3,male,5.0,3,2,11.164,S,Third,child,False,,Southampton,no,False
0,3,male,24.0,0,0,24.1023,S,Third,man,True,,Southampton,no,True
0,2,male,14.0,0,0,50.8923,C,Second,child,False,,Cherbourg,no,True
0,3,male,46.0,0,0,14.1776,S,Third,man,True,,Southampton,no,True
0,2,male,,3,1,5.7335,S,Second,man,True,,Southampton,no,False
1,3,male,18.0,1,0,10.6183,S,Third,man,True,,Southampton,yes,False
1,1,female,,0,0,55.9732,S,First,woman,False,D,Southampton,yes,True
0,3,male,47.0,1,0,5.9718,S,Third,man,True,,Southampton,no,False
0,3,male,29.0,0,0,10.7895,S,Third,man,True,,Southampton,no,True
1,3,female,26.0,1,0,5.413,C,Third,woman,False,,Cherbourg,yes,False
0,1,female,62.0,0,0,50.4037,S,First,woman,False,B,Southampton,no,True
1,3,male,32.0,0,0,17.7741,C,Third,man,True,,Cherbourg,yes,True
0,3,male,39.0,0,1,4.1005,C,Third,man,True,,Cherbourg,no,False
1,3,male,22.0,1,0,17.1091,S,Third,man,True,,Southampton,yes,False
0,1,male,30.0,3,0,43.1197,C,First,man,True,D,Cherbourg,no,False
0,3,male,38.0,1,0,11.3608,S,Third,man,True,,Southampton,no,False
1,1,female,35.0,2,1,216.4852,Q,First,woman,False,,Queenstown,yes,False
0,1,male,41.0,0,1,39.3001,C,First,man,True,,Cherbourg,no,False
1,1,male,35.0,0,0,53.6733,S,First,man,True,,Southampton,yes,True
0,3,male,27.0,1,1,17.6899,S,Third,man,True,,Southampton,no,False
0,3,male,25.0,1,0,14.2554,C,Third,man,True,,Cherbourg,no,False
1,3,female,,0,0,52.5169,C,Third,woman,False,,Cherbourg,yes,True
0,3,male,45.0,0,0,17.2658,S,Third,man,True,,Southampton,no,True
0,3,male,18.0,0,0,9.979,S,Third,man,True,,Southampton,no,True
0,3,male,10.0,1,0,5.0949,S,Third,child,False,,Southampton,no,False
0,3,male,28.0,0,2,11.7736,C,Third,man,True,,Cherbourg,no,False
1,3,female,17.0,0,0,44.7464,S,Third,woman,False,,Southampton,yes,True
0,3,male,,1,0,12.7181,S,Third,man,True,,Southampton,no,False
0,3,male,35.0,0,0,4.1303,S,Third,man,True,,Southampton,no,True
0,2,male,21.0,0,0,12.8449,S,Second,man,True,,Southampton,no,True
1,3,male,,0,0,6.2208,C,Third,man,True,,Cherbourg,yes,True
1,1,female,,1,0,75.9323,S,First,woman,False,,Southampton,yes,False
0,3,male,17.0,1,0,8.1492,C,Third,man,True,,Cherbourg,no,False
1,3,female,,0,0,6.2145,C,Third,woman,False,,Cherbourg,yes,True
1,3,female,,0,0,4.6154,S,Third,woman,False,,Southampton,yes,True
0,3,male,36.0,0,0,8.0079,S,Third,man,True,,Southampton,no,True
0,3,male,,0,0,13.2265,C,Third,man,True,,Cherbourg,no,True
0,2,female,13.0,0,2,31.7442,S,Second,child,False,,Southampton,no,False
0,3,male,36.0,0,0,6.8026,S,Third,man,True,,Southampton,no,True
0,3,male,,1,1,21.5089,S,Third,man,True,,Southampton,no,False
0,3,male,2.0,1,0,2.2766,C,Third,child,False,,Cherbourg,no,False
0,3,male,,0,1,30.3525,S,Third,man,True,,Southampton,no,False
0,3,male,,0,0,2.9851,S,Third,man,True,,Southampton,no,True
0,3,female,29.0,1,0,5.9146,C,Third,woman,False,,Cherbourg,no,False
0,3,male,20.0,1,0,8.5449,S,Third,man,True,,Southampton,no,False
0,3,female,28.0,0,2,6.2854,S,Third,woman,False,,Southampton,no,False
0,3,female,32.0,1,0,39.2671,S,Third,woman,False,,Southampton,no,False
1,2,female,14.0,1,0,9.9763,S,Second,child,False,,Southampton,yes,False
0,3,male,12.0,0,0,37.4843,S,Third,child,False,,Southampton,no,True
0,3,male,42.0,0,0,0.598,S,Third,man,True,,Southampton,no,True
0,3,male,51.0,0,0,2.0844,S,Third,man,True,,Southampton,no,True
1,1,male,48.0,1,0,65.7173,S,First,man,True,A,Southampton,yes,False
0,3,female,24.0,0,0,4.111,S,Third,woman,False,,Southampton,no,True
1,1,male,26.0,0,0,20.0609,S,First,man,True,C,Southampton,yes,True
0,3,male,27.0,0,0,7.0912,S,Third,man,True,,Southampton,no,True
0,3,male,41.0,0,0,6.3375,S,Third,man,True,,Southampton,no,True
0,1,female,53.0,0,0,36.7732,C,First,woman,False,C,Cherbourg,no,True
1,3,female,,0,0,6.0555,S,Third,woman,False,,Southampton,yes,True
1,3,female,32.0,4,0,9.38,S,Third,woman,False,,Southampton,yes,False
1,2,female,9.0,0,0,22.3384,Q,Second,child,False,,Queenstown,yes,True
0,3,male,25.0,0,0,16.5126,S,Third,man,True,,Southampton,no,True
0,2,male,,2,0,15.1851,S,Second,man,True,,Southampton,no,False
0,2,male,2.0,1,0,5.6246,S,Second,child,False,,Southampton,no,False